batch,doe_result,infonce_result
0,3.411801338195801,2.9565091133117676
1,3.4267706871032715,3.012551784515381
2,3.5690395832061768,3.09061861038208
3,3.5123825073242188,3.1041808128356934
4,3.494194984436035,3.014528274536133
5,3.4587552547454834,3.0763137340545654
6,3.3436293601989746,2.912976026535034
7,3.4696335792541504,3.007288932800293
8,3.4451260566711426,3.016343355178833
9,3.3385894298553467,2.924767017364502
