step,mean,count
10,5.423192501068115,1000
20,6.729429721832275,1000
30,6.887706279754639,1000
40,6.906503677368164,1000
50,6.904843807220459,1000
